"TP","TN","FP","FN","P","R","F",
"66","-1","0","42","1.0","0.6111111111111112","0.7586206896551725"
"38","-1","0","70","1.0","0.35185185185185186","0.5205479452054794"
