"TP","TN","FP","FN","P","R","F",
"93","-1","10","19","0.9029126213592233","0.8303571428571429","0.8651162790697675"
"93","-1","3","19","0.96875","0.8303571428571429","0.8942307692307694"
